strain,temperature,treatment,Time(days),replicate,cells,ln_cells
MIT9312,14,90,1,rep1,3160.0,8.058327306580958
MIT9312,16,90,1,rep1,3327.0,8.109826276018477
MIT9312,16,90,4,rep1,637.0,6.456769655572163
MIT9312,16,90,5,rep1,680.0,6.522092798170152
MIT9312,16,90,7,rep1,297.0,5.6937321388027
MIT9312,16-19,90,1,rep1,5884.0,8.679992081721329
MIT9312,16-19,90,4,rep1,1233.0,7.117205503164344
MIT9312,16-19,90,5,rep1,1829.0,7.511524648390866
MIT9312,16-19,90,7,rep1,467.0,6.1463292576688975
MIT9312,16-19,90,8,rep1,637.0,6.456769655572163
MIT9312,16-19,90,10,rep1,4511.0,8.414274137408396
MIT9312,19,90,1,rep1,34921.0,10.460843646427818
MIT9312,19,90,4,rep1,86517.0,11.368096205402036
MIT9312,19,90,5,rep1,111204.0,11.619121631374691
MIT9312,19,90,7,rep1,228190.0,12.33793389424047
MIT9312,19,90,8,rep1,328060.0,12.700951797466477
MIT9312,19,90,10,rep1,578220.0,13.267709698073388
MIT9312,22,90,1,rep1,40857.0,10.617833444237068
MIT9312,22,90,4,rep1,142303.0,11.865713866076378
MIT9312,22,90,5,rep1,208698.0,12.248643509885689
MIT9312,22,90,7,rep1,568390.0,13.250563081806126
MIT9312,22,90,8,rep1,1019180.0,13.834508940373588
MIT9312,22,90,10,rep1,2265720.0,14.633403147180578
MIT9312,24,90,1,rep1,49745.0,10.81466523502346
MIT9312,24,90,4,rep1,210722.0,12.258295008200099
MIT9312,24,90,5,rep1,277944.0,12.535174933532323
MIT9312,24,90,7,rep1,765040.0,13.547683399023425
MIT9312,24,90,8,rep1,1165120.0,13.968334643969206
MIT9312,24,90,10,rep1,2980410.0,14.907571432910409
MIT9312,26,90,1,rep1,53662.0,10.890460394995813
MIT9312,26,90,4,rep1,135010.0,11.813104128751291
MIT9312,26,90,5,rep1,171190.0,12.050529329768825
MIT9312,26,90,7,rep1,263600.0,12.48218808161049
MIT9312,26,90,8,rep1,391290.0,12.877204252032438
MIT9312,26,90,10,rep1,421850.0,12.952405079593772
MIT9312,28,90,1,rep1,43916.0,10.690033997354623
MIT9312,28,90,4,rep1,113245.0,11.637308892260261
MIT9312,28,90,5,rep1,132446.0,11.793930294168684
MIT9312,28,90,7,rep1,223160.0,12.315644281959464
MIT9312,28,90,8,rep1,267230.0,12.495864989791313
MIT9312,28,90,10,rep1,346800.0,12.756503523888524
MIT9312,14,200,1,rep1,4568.0,8.426830751335846
MIT9312,16,200,1,rep1,4137.0,8.327726166461412
MIT9312,16,200,4,rep1,552.0,6.313548046277095
MIT9312,16,200,5,rep1,935.0,6.840546529288687
MIT9312,16,200,7,rep1,594.0,6.386879319362645
MIT9312,16-19,200,1,rep1,4521.0,8.416488487294606
MIT9312,16-19,200,4,rep1,935.0,6.840546529288687
MIT9312,16-19,200,5,rep1,552.0,6.313548046277095
MIT9312,16-19,200,7,rep1,892.0,6.79346613258001
MIT9312,16-19,200,8,rep1,680.0,6.522092798170152
MIT9312,16-19,200,10,rep1,723.0,6.583409222158765
MIT9312,19,200,1,rep1,35833.0,10.486624535512897
MIT9312,19,200,4,rep1,84393.0,11.343239738755845
MIT9312,19,200,5,rep1,106547.0,11.57634148133498
MIT9312,19,200,7,rep1,225770.0,12.32727206093202
MIT9312,19,200,8,rep1,271550.0,12.511901563462992
MIT9312,19,200,10,rep1,513960.0,13.149900720397417
MIT9312,22,200,1,rep1,41435.0,10.631881213283142
MIT9312,22,200,4,rep1,145717.0,11.889421663482633
MIT9312,22,200,5,rep1,186965.0,12.138676712543623
MIT9312,22,200,7,rep1,493230.0,13.108730875673032
MIT9312,22,200,8,rep1,768700.0,13.552456055337224
MIT9312,22,200,10,rep1,1988060.0,14.502669846829736
MIT9312,24,200,1,rep1,55232.0,10.9192977744431
MIT9312,24,200,4,rep1,198039.0,12.196219259977658
MIT9312,24,200,5,rep1,305880.0,12.630948147158161
MIT9312,24,200,7,rep1,893360.0,13.702744914119673
MIT9312,24,200,8,rep1,1227430.0,14.020433110548163
MIT9312,24,200,10,rep1,3279460.0,15.003189332660297
MIT9312,26,200,1,rep1,46644.0,10.750299580640224
MIT9312,26,200,4,rep1,118276.0,11.680776155335726
MIT9312,26,200,5,rep1,128618.0,11.764602049886726
MIT9312,26,200,7,rep1,218910.0,12.296415965427775
MIT9312,26,200,8,rep1,229830.0,12.345095184178977
MIT9312,26,200,10,rep1,464280.0,13.048243097482558
MIT9312,28,200,1,rep1,37342.0,10.527873977525282
MIT9312,28,200,4,rep1,102115.0,11.533854908151259
MIT9312,28,200,5,rep1,129978.0,11.775120484347346
MIT9312,28,200,7,rep1,229970.0,12.345704144615368
MIT9312,28,200,8,rep1,333400.0,12.71709824929883
MIT9312,28,200,10,rep1,457390.0,13.033291697629595
MIT9312,14,400,1,rep1,3500.0,8.160518247477505
MIT9312,14,400,4,rep1,3500.0,8.160518247477505
MIT9312,16,400,1,rep1,4221.0,8.347827345782498
MIT9312,16,400,4,rep1,595.0,6.38856140554563
MIT9312,16,400,5,rep1,1362.0,7.216709486709457
MIT9312,16,400,7,rep1,1062.0,6.967909201801884
MIT9312,16-19,400,1,rep1,5367.0,8.588024372176829
MIT9312,16-19,400,4,rep1,1234.0,7.1180162044653335
MIT9312,16-19,400,5,rep1,850.0,6.745236349484363
MIT9312,16-19,400,7,rep1,2974.0,7.9976631270201
MIT9312,16-19,400,8,rep1,382.0,5.945420608606575
MIT9312,16-19,400,10,rep1,510.0,6.234410725718371
MIT9312,19,400,1,rep1,35541.0,10.478442238622868
MIT9312,19,400,4,rep1,43155.0,10.672553564653757
MIT9312,19,400,5,rep1,36432.0,10.50320278830352
MIT9312,19,400,7,rep1,25090.0,10.130224639360469
MIT9312,19,400,8,rep1,25070.0,10.12942719115234
MIT9312,19,400,10,rep1,21260.0,9.964582651895938
MIT9312,22,400,1,rep1,41504.0,10.63354508711617
MIT9312,22,400,4,rep1,142224.0,11.865158558481456
MIT9312,22,400,5,rep1,229945.0,12.345595428874308
MIT9312,22,400,7,rep1,501470.0,13.125299064056422
MIT9312,22,400,8,rep1,826760.0,13.625269726325772
MIT9312,22,400,10,rep1,1479970.0,14.207532375264583
MIT9312,24,400,1,rep1,53993.0,10.896609687514136
MIT9312,24,400,4,rep1,152289.0,11.933535310404846
MIT9312,24,400,5,rep1,204074.0,12.226237952148296
MIT9312,24,400,7,rep1,444410.0,13.004502838744665
MIT9312,24,400,8,rep1,637230.0,13.36488593688904
MIT9312,24,400,10,rep1,1675790.0,14.331795253844318
MIT9312,26,400,1,rep1,52270.0,10.864177871706968
MIT9312,26,400,4,rep1,61674.0,11.029617727240977
MIT9312,26,400,5,rep1,60752.0,11.014555282471584
MIT9312,26,400,7,rep1,56970.0,10.950280092474442
MIT9312,26,400,8,rep1,59898.0,11.00039839456448
MIT9312,26,400,10,rep1,14450.0,9.578449693540579
MIT9312,28,400,1,rep1,36449.0,10.503669302218212
MIT9312,28,400,4,rep1,65129.0,11.084125197515005
MIT9312,28,400,5,rep1,64801.0,11.079076314320059
MIT9312,28,400,7,rep1,64170.0,11.069291090744562
MIT9312,28,400,8,rep1,46290.0,10.742681234025316
MIT9312,28,400,10,rep1,42930.0,10.667326161218606
MIT9312,14,0,1,rep1,3499.0,8.160232492367689
MIT9312,16,0,1,rep1,4777.0,8.471568013389962
MIT9312,16,0,4,rep1,510.0,6.234410725718371
MIT9312,16,0,5,rep1,850.0,6.745236349484363
MIT9312,16,0,7,rep1,1147.0,7.044905117129371
MIT9312,16-19,0,1,rep1,2810.0,7.940939762327791
MIT9312,16-19,0,4,rep1,765.0,6.639875833826536
MIT9312,16-19,0,5,rep1,1020.0,6.927557906278317
MIT9312,16-19,0,7,rep1,382.0,5.945420608606575
MIT9312,16-19,0,8,rep1,212.0,5.356586274672012
MIT9312,16-19,0,10,rep1,127.0,4.844187086458591
MIT9312,19,0,1,rep1,38648.0,10.562250306234242
MIT9312,19,0,4,rep1,115999.0,11.661336849361689
MIT9312,19,0,5,rep1,182302.0,12.113419931533617
MIT9312,19,0,7,rep1,460070.0,13.039133930801047
MIT9312,19,0,8,rep1,616420.0,13.331683828365058
MIT9312,19,0,10,rep1,1374850.0,14.133855192222871
MIT9312,22,0,1,rep1,54594.0,10.907679265584745
MIT9312,22,0,4,rep1,211271.0,12.260896948562769
MIT9312,22,0,5,rep1,301919.0,12.617914048461227
MIT9312,22,0,7,rep1,1082260.0,13.894562005270778
MIT9312,22,0,8,rep1,1609650.0,14.291527322023382
MIT9312,22,0,10,rep1,3972830.0,15.194989245056702
MIT9312,24,0,1,rep1,58728.0,10.980671893790618
MIT9312,24,0,4,rep1,283080.0,12.553484822189722
MIT9312,24,0,5,rep1,419391.0,12.946558937992236
MIT9312,24,0,7,rep1,1750610.0,14.375474856591362
MIT9312,24,0,8,rep1,3058200.0,14.933337065556188
MIT9312,24,0,10,rep1,6446210.0,15.679002919170015
MIT9312,26,0,1,rep1,46830.0,10.754279302177588
MIT9312,26,0,4,rep1,129146.0,11.768698826306064
MIT9312,26,0,5,rep1,199015.0,12.201135477750357
MIT9312,26,0,7,rep1,538620.0,13.196765591978789
MIT9312,26,0,8,rep1,851360.0,13.654590349830196
MIT9312,26,0,10,rep1,1582460.0,14.274491156219717
MIT9312,28,0,1,rep1,44384.0,10.700634323114558
MIT9312,28,0,4,rep1,164396.0,12.010033430407972
MIT9312,28,0,5,rep1,236973.0,12.375701489576798
MIT9312,28,0,7,rep1,707460.0,13.469436369798775
MIT9312,28,0,8,rep1,965440.0,13.780339234952834
MIT9312,28,0,10,rep1,2203080.0,14.605366939242252
MED4,14,61,1,rep1,20000.0,9.903487552536127
MED4,14,61,3,rep1,35006.6390685767,10.463293010156738
MED4,14,61,4,rep1,43185.5323366019,10.673260818525105
MED4,14,61,5,rep1,54600.0,10.907789161732996
MED4,14,61,7,rep1,77600.0,11.25932270617131
MED4,14,61,10,rep1,135000.0,11.813030057420567
MED4,16,61,1,rep1,29800.0,10.302263672493496
MED4,16,61,3,rep1,49923.2784941164,10.81824267584907
MED4,16,61,4,rep1,57066.3407444686,10.951969742751889
MED4,16,61,5,rep1,66400.0,11.103452335464524
MED4,16,61,7,rep1,96500.0,11.477298287327077
MED4,16,61,10,rep1,169000.0,12.037653993905211
MED4,19,61,1,rep1,28808.0862105519,10.2684113979149
MED4,19,61,3,rep1,51173.284658501,10.842972890837297
MED4,19,61,4,rep1,69185.1862841593,11.144542047651125
MED4,19,61,5,rep1,110000.0,11.608235644774552
MED4,19,61,7,rep1,188000.0,12.144197241812087
MED4,19,61,10,rep1,367000.0,12.813117127036707
MED4,22,61,1,rep1,32114.4332751305,10.377060842801967
MED4,22,61,3,rep1,61254.1305309367,11.022786563372968
MED4,22,61,4,rep1,76831.4091640436,11.249368809019051
MED4,22,61,5,rep1,117000.0,11.669929213779893
MED4,22,61,7,rep1,159000.0,11.976659481202368
MED4,24,61,1,rep1,32580.7432269021,10.391476694262385
MED4,24,61,3,rep1,73376.0236110597,11.203352507439357
MED4,24,61,4,rep1,102405.072167748,11.536691523248995
MED4,24,61,5,rep1,157000.0,11.964001084330445
MED4,24,61,7,rep1,283000.0,12.553202176625375
MED4,26,61,1,rep1,34614.7323588257,10.452034661140177
MED4,26,61,3,rep1,41577.7858324769,10.63532130921195
MED4,26,61,4,rep1,54964.3059076431,10.914439270036263
MED4,26,61,5,rep1,89760.0,11.404894720756523
MED4,26,61,7,rep1,113000.0,11.635143097694478
MED4,28,61,1,rep1,28750.6840815463,10.266416840083162
MED4,28,61,3,rep1,16980.8515469982,9.739841608607763
MED4,28,61,4,rep1,9855.90220661161,9.195825763505287
MED4,28,61,5,rep1,3866.0,8.259975659768276
MED4,14,200,1,rep1,18600.0,9.830916859701293
MED4,14,200,3,rep1,33981.9601752071,10.433585079707141
MED4,14,200,4,rep1,46302.8959520193,10.74295978567812
MED4,14,200,5,rep1,53700.0,10.891168280496956
MED4,14,200,7,rep1,86600.0,11.369055094550527
MED4,14,200,10,rep1,178000.0,12.089538829274222
MED4,16,200,1,rep1,35700.0,10.48290596776773
MED4,16,200,3,rep1,44662.1845811462,10.706882440031803
MED4,16,200,4,rep1,58857.4798046286,10.982874204095886
MED4,16,200,5,rep1,74600.0,11.219895786191852
MED4,16,200,7,rep1,124000.0,11.728036844587175
MED4,16,200,10,rep1,228000.0,12.337100907936577
MED4,19,200,1,rep1,29145.4546741488,10.280054250774805
MED4,19,200,3,rep1,53138.7530726691,10.880661754090609
MED4,19,200,4,rep1,78010.3350845226,11.264596597977858
MED4,19,200,5,rep1,100000.0,11.512925464970229
MED4,19,200,7,rep1,182000.0,12.111761966058932
MED4,19,200,10,rep1,408000.0,12.9190224533863
MED4,22,200,1,rep1,38702.6604807835,10.563663622928432
MED4,22,200,3,rep1,54448.2380201427,10.905005768244184
MED4,22,200,4,rep1,79823.0395778958,11.287567458282293
MED4,22,200,5,rep1,95700.0,11.468973577441046
MED4,22,200,7,rep1,234000.0,12.363076394339839
MED4,22,200,10,rep1,459000.0,13.036805489042683
MED4,24,200,1,rep1,32915.4373830289,10.4016970480722
MED4,24,200,3,rep1,64292.5263236189,11.071198672111363
MED4,24,200,4,rep1,95570.8477657026,11.467623112846628
MED4,24,200,5,rep1,123000.0,11.719939634354555
MED4,24,200,7,rep1,258000.0,12.460714863903755
MED4,24,200,10,rep1,606000.0,13.314635265051452
MED4,26,200,1,rep1,29223.6361737831,10.282733118828196
MED4,26,200,3,rep1,38270.0534177313,10.552422974230932
MED4,26,200,4,rep1,54190.227410577,10.900255865092728
MED4,26,200,5,rep1,66500.0,11.104957226643945
MED4,26,200,7,rep1,93600.0,11.446785662465684
MED4,26,200,10,rep1,247000.0,12.417143615610113
MED4,28,200,1,rep1,27012.7676100947,10.204064907664531
MED4,28,200,3,rep1,15662.8857988435,9.659049230910123
MED4,28,200,4,rep1,7261.76764776007,8.89037855583587
MED4,28,200,5,rep1,2423.0,7.792761720816526
MED4,14,400,1,rep1,18400.0,9.820105943597078
MED4,14,400,3,rep1,14314.3697850855,9.569019191769907
MED4,14,400,4,rep1,15088.6195001238,9.621696063158371
MED4,14,400,5,rep1,11900.0,9.38429367909962
MED4,14,400,7,rep1,9092.0,9.115150184972434
MED4,14,400,10,rep1,3397.0,8.130647968160584
MED4,16,400,1,rep1,27000.0,10.203592144986466
MED4,16,400,3,rep1,11678.3515297621,9.365492110271068
MED4,16,400,4,rep1,11738.3412476831,9.370615792742305
MED4,16,400,5,rep1,10400.0,9.249561085129464
MED4,16,400,7,rep1,11200.0,9.323669057283185
MED4,16,400,10,rep1,7304.0,8.896177422274805
MED4,19,400,1,rep1,36903.7572687768,10.51606864784709
MED4,19,400,3,rep1,32582.417224369,10.3915280729081
MED4,19,400,4,rep1,32344.1211843861,10.384187558048255
MED4,19,400,5,rep1,33200.0,10.410305154904579
MED4,19,400,7,rep1,37000.0,10.51867319162636
MED4,19,400,10,rep1,45800.0,10.732039370102276
MED4,22,400,1,rep1,38363.5408406211,10.554862830280262
MED4,22,400,3,rep1,38352.3701176493,10.55457160717123
MED4,22,400,4,rep1,42363.809466944,10.654049726430644
MED4,22,400,5,rep1,27500.0,10.221941283654663
MED4,22,400,7,rep1,11700.0,9.367344120785848
MED4,22,400,10,rep1,127.0,4.844187086458591
MED4,24,400,1,rep1,33044.2099461755,10.405601639196151
MED4,24,400,3,rep1,48955.7809703775,10.798672740482447
MED4,24,400,4,rep1,57454.3190564078,10.958745459848945
MED4,24,400,5,rep1,67200.0,11.115428526511241
MED4,24,400,7,rep1,92400.0,11.433882257629776
MED4,24,400,10,rep1,72700.0,11.194096663521611
MED4,26,400,1,rep1,34235.3148052517,10.441012986934288
MED4,26,400,3,rep1,25903.5712383136,10.16213612383145
MED4,26,400,4,rep1,33079.4982147956,10.40666898018327
MED4,26,400,5,rep1,38600.0,10.561007555452923
MED4,26,400,7,rep1,54900.0,10.913268627497622
MED4,26,400,10,rep1,76300.0,11.242428217272549
MED4,28,400,1,rep1,28755.5978908937,10.266587736520588
MED4,28,400,3,rep1,7687.01407400542,8.94728770023147
MED4,28,400,4,rep1,2546.8712927768,7.8426209408313285
MED4,28,400,5,rep1,510.0,6.234410725718371
MED4,14,0,1,rep1,18500.0,9.825526011066415
MED4,14,0,3,rep1,35216.2862809311,10.469263933019068
MED4,14,0,4,rep1,43614.6477538254,10.683148330572534
MED4,14,0,5,rep1,55900.0,10.93131965914319
MED4,14,0,7,rep1,98400.0,11.496796083040344
MED4,14,0,10,rep1,200000.0,12.206072645530174
MED4,16,0,1,rep1,30590.1962856483,10.32843485378498
MED4,16,0,3,rep1,47443.724126723,10.767299532418557
MED4,16,0,4,rep1,67891.1667035279,11.125661212352446
MED4,16,0,5,rep1,90300.0,11.410892739405076
MED4,16,0,7,rep1,163000.0,12.0015054797889
MED4,16,0,10,rep1,394000.0,12.884106188280072
MED4,19,0,1,rep1,31335.0080182592,10.352491218547021
MED4,19,0,3,rep1,58264.6316869024,10.972750527643566
MED4,19,0,4,rep1,83735.3014699674,11.335415929448327
MED4,19,0,5,rep1,131000.0,11.782952602183288
MED4,19,0,7,rep1,244000.0,12.404923504275338
MED4,19,0,10,rep1,548000.0,13.214030565930152
MED4,22,0,1,rep1,42397.6380930051,10.654847934314795
MED4,22,0,3,rep1,69086.1726685222,11.14310988363233
MED4,22,0,4,rep1,86760.1060434827,11.370902187202427
MED4,22,0,5,rep1,166000.0,12.01974306733868
MED4,22,0,7,rep1,348000.0,12.759957758756611
MED4,22,0,10,rep1,965000.0,13.779883380321124
MED4,24,0,1,rep1,33942.8938975554,10.432434800255164
MED4,24,0,3,rep1,68209.976131776,11.130346110726054
MED4,24,0,4,rep1,92620.7157575459,11.436268107898922
MED4,24,0,5,rep1,147000.0,11.898187865760873
MED4,24,0,7,rep1,340000.0,12.736700896592344
MED4,24,0,10,rep1,924000.0,13.73646735062382
MED4,26,0,1,rep1,37474.1270787673,10.531406029271011
MED4,26,0,3,rep1,44981.6852249141,10.714010690905603
MED4,26,0,4,rep1,70661.630857121,11.165658000990987
MED4,26,0,5,rep1,96090.0,11.473040531271314
MED4,26,0,7,rep1,244000.0,12.404923504275338
MED4,26,0,10,rep1,641000.0,13.370784735902808
MED4,28,0,1,rep1,24717.8618519466,10.115281413168393
MED4,28,0,3,rep1,21789.2445893164,9.989171759568858
MED4,28,0,4,rep1,16266.1606642071,9.696842195980725
MED4,28,0,5,rep1,9483.0,9.157256000883727
MIT9312,14,90,1,rep2,3244.0,8.084562415235304
MIT9312,16,90,1,rep2,3029.0,8.015987811027237
MIT9312,16,90,4,rep2,765.0,6.639875833826536
MIT9312,16,90,5,rep2,807.0,6.693323668269949
MIT9312,16,90,7,rep2,297.0,5.6937321388027
MIT9312,16-19,90,1,rep2,2174.0,7.684324067681155
MIT9312,16-19,90,4,rep2,680.0,6.522092798170152
MIT9312,16-19,90,5,rep2,807.0,6.693323668269949
MIT9312,16-19,90,7,rep2,1020.0,6.927557906278317
MIT9312,16-19,90,8,rep2,85.0,4.442651256490317
MIT9312,16-19,90,10,rep2,723.0,6.583409222158765
MIT9312,19,90,1,rep2,33713.0,10.425638798632033
MIT9312,19,90,4,rep2,86491.0,11.36779564126401
MIT9312,19,90,5,rep2,119115.0,11.687844691997421
MIT9312,19,90,7,rep2,236770.0,12.374844484777045
MIT9312,19,90,8,rep2,348400.0,12.761106523960486
MIT9312,19,90,10,rep2,714120.0,13.478806294426898
MIT9312,22,90,1,rep2,45629.0,10.728298758274772
MIT9312,22,90,4,rep2,149988.0,11.918310569878223
MIT9312,22,90,5,rep2,232789.0,12.357887742863957
MIT9312,22,90,7,rep2,616380.0,13.331618935438364
MIT9312,22,90,8,rep2,1129470.0,13.937259054112493
MIT9312,22,90,10,rep2,3089980.0,14.943675176361072
MIT9312,24,90,1,rep2,53894.0,10.894774433446688
MIT9312,24,90,4,rep2,237082.0,12.376161351837172
MIT9312,24,90,5,rep2,346170.0,12.754685262856823
MIT9312,24,90,7,rep2,1006590.0,13.822078938842306
MIT9312,24,90,8,rep2,1646360.0,14.314077348334324
MIT9312,24,90,10,rep2,4167580.0,15.24284608958361
MIT9312,26,90,1,rep2,45681.0,10.729437735508842
MIT9312,26,90,4,rep2,119080.0,11.687550815129713
MIT9312,26,90,5,rep2,129464.0,11.77115812919672
MIT9312,26,90,7,rep2,232080.0,12.354837418795286
MIT9312,26,90,8,rep2,422600.0,12.954181384164093
MIT9312,26,90,10,rep2,906700.0,13.717566913634148
MIT9312,28,90,1,rep2,31927.0,10.371207325767013
MIT9312,28,90,4,rep2,77557.0,11.258768428876687
MIT9312,28,90,5,rep2,84525.0,11.344802627576087
MIT9312,28,90,7,rep2,113040.0,11.635497017358409
MIT9312,28,90,8,rep2,138950.0,11.84186943517065
MIT9312,28,90,10,rep2,105450.0,11.565992185906921
MIT9312,14,200,1,rep2,3157.0,8.057377488557991
MIT9312,16,200,1,rep2,4221.0,8.347827345782498
MIT9312,16,200,4,rep2,935.0,6.840546529288687
MIT9312,16,200,5,rep2,1232.0,7.116394144093465
MIT9312,16,200,7,rep2,297.0,5.6937321388027
MIT9312,16-19,200,1,rep2,4131.0,8.326274787396764
MIT9312,16-19,200,4,rep2,1063.0,6.968850378341948
MIT9312,16-19,200,5,rep2,1489.0,7.305860032684009
MIT9312,16-19,200,7,rep2,1062.0,6.967909201801884
MIT9312,16-19,200,8,rep2,297.0,5.6937321388027
MIT9312,16-19,200,10,rep2,936.0,6.841615476477592
MIT9312,19,200,1,rep2,34495.0,10.448569664980209
MIT9312,19,200,4,rep2,80011.0,11.28991940420376
MIT9312,19,200,5,rep2,95654.0,11.468492793126256
MIT9312,19,200,7,rep2,189550.0,12.15240812094448
MIT9312,19,200,8,rep2,271120.0,12.510316806280933
MIT9312,19,200,10,rep2,471400.0,13.063462269484168
MIT9312,22,200,1,rep2,41785.0,10.640292702435536
MIT9312,22,200,4,rep2,142598.0,11.867784761618536
MIT9312,22,200,5,rep2,198139.0,12.196724083577775
MIT9312,22,200,7,rep2,543830.0,13.20639197699978
MIT9312,22,200,8,rep2,816990.0,13.613382133865152
MIT9312,22,200,10,rep2,1778450.0,14.391252756396595
MIT9312,24,200,1,rep2,57081.0,10.952226590708511
MIT9312,24,200,4,rep2,194902.0,12.180252147115654
MIT9312,24,200,5,rep2,262893.0,12.47950238426992
MIT9312,24,200,7,rep2,691450.0,13.446546120892805
MIT9312,24,200,8,rep2,978240.0,13.793510317684607
MIT9312,24,200,10,rep2,2599860.0,14.770968155388108
MIT9312,26,200,1,rep2,43744.0,10.686109739523676
MIT9312,26,200,4,rep2,124779.0,11.73429945152784
MIT9312,26,200,5,rep2,128873.0,11.766582702285165
MIT9312,26,200,7,rep2,230470.0,12.347875981104536
MIT9312,26,200,8,rep2,266760.0,12.494104656746243
MIT9312,26,200,10,rep2,624040.0,13.343969747861186
MIT9312,28,200,1,rep2,38157.0,10.549464506119595
MIT9312,28,200,4,rep2,108799.0,11.597257422185269
MIT9312,28,200,5,rep2,132500.0,11.794337924408413
MIT9312,28,200,7,rep2,243390.0,12.40242037405722
MIT9312,28,200,8,rep2,359130.0,12.791439718913525
MIT9312,28,200,10,rep2,380840.0,12.850134618399627
MIT9312,14,400,1,rep2,4398.0,8.388905171114706
MIT9312,16,400,1,rep2,5759.0,8.658519127506672
MIT9312,16,400,4,rep2,552.0,6.313548046277095
MIT9312,16,400,5,rep2,1276.0,7.151485463904735
MIT9312,16,400,7,rep2,3195.0,8.069342366811636
MIT9312,16-19,400,1,rep2,2726.0,7.9105906122564775
MIT9312,16-19,400,4,rep2,1489.0,7.305860032684009
MIT9312,16-19,400,5,rep2,680.0,6.522092798170152
MIT9312,16-19,400,7,rep2,255.0,5.541263545158426
MIT9312,16-19,400,8,rep2,424.0,6.049733455231958
MIT9312,16-19,400,10,rep2,510.0,6.234410725718371
MIT9312,19,400,1,rep2,35189.0,10.46848881274789
MIT9312,19,400,4,rep2,30824.0,10.336048886305994
MIT9312,19,400,5,rep2,23643.0,10.070822367021758
MIT9312,19,400,7,rep2,22530.0,10.02260303342629
MIT9312,19,400,8,rep2,7640.0,8.941152882160566
MIT9312,19,400,10,rep2,7650.0,8.942460926820582
MIT9312,22,400,1,rep2,42533.0,10.658035524203411
MIT9312,22,400,4,rep2,136928.0,11.827210519216543
MIT9312,22,400,5,rep2,191785.0,12.164130231908121
MIT9312,22,400,7,rep2,435270.0,12.98372180717784
MIT9312,22,400,8,rep2,692120.0,13.447514629970584
MIT9312,22,400,10,rep2,1283350.0,14.064984404524514
MIT9312,24,400,1,rep2,53065.0,10.879272856195923
MIT9312,24,400,4,rep2,187323.0,12.140589678543993
MIT9312,24,400,5,rep2,253673.0,12.443801315012529
MIT9312,24,400,7,rep2,737160.0,13.510560243945973
MIT9312,24,400,8,rep2,1015810.0,13.831196881758396
MIT9312,24,400,10,rep2,2963490.0,14.901878185815944
MIT9312,26,400,1,rep2,64327.0,11.071734728776972
MIT9312,26,400,4,rep2,40043.0,10.59770915569734
MIT9312,26,400,5,rep2,36002.0,10.49132977145065
MIT9312,26,400,7,rep2,20400.0,9.923290179832307
MIT9312,26,400,8,rep2,13160.0,9.484937204879309
MIT9312,26,400,10,rep2,6800.0,8.824677891164198
MIT9312,28,400,1,rep2,39760.0,10.590616660770511
MIT9312,28,400,4,rep2,67482.0,11.119616174632077
MIT9312,28,400,5,rep2,75472.0,11.231517005524044
MIT9312,28,400,7,rep2,81190.0,11.304547365856493
MIT9312,28,400,8,rep2,92180.0,11.4314984662745
MIT9312,28,400,10,rep2,87550.0,11.379965337713998
MIT9312,14,0,1,rep2,3414.0,8.135639903354386
MIT9312,16,0,1,rep2,3964.0,8.285008895449879
MIT9312,16,0,4,rep2,722.0,6.582025138892826
MIT9312,16,0,5,rep2,510.0,6.234410725718371
MIT9312,16,0,7,rep2,637.0,6.456769655572163
MIT9312,16-19,0,1,rep2,3877.0,8.262816937670928
MIT9312,16-19,0,4,rep2,723.0,6.583409222158765
MIT9312,16-19,0,5,rep2,637.0,6.456769655572163
MIT9312,16-19,0,7,rep2,1786.0,7.487733761436444
MIT9312,16-19,0,8,rep2,297.0,5.6937321388027
MIT9312,16-19,0,10,rep2,680.0,6.522092798170152
MIT9312,19,0,1,rep2,39008.0,10.571522032280997
MIT9312,19,0,4,rep2,109264.0,11.60152225120087
MIT9312,19,0,5,rep2,142319.0,11.865826295895694
MIT9312,19,0,7,rep2,416220.0,12.938969245607401
MIT9312,19,0,8,rep2,590160.0,13.288148965558184
MIT9312,19,0,10,rep2,1280210.0,14.06253468493902
MIT9312,22,0,1,rep2,44116.0,10.694577807426038
MIT9312,22,0,4,rep2,158541.0,11.973768513927707
MIT9312,22,0,5,rep2,278345.0,12.53661663045409
MIT9312,22,0,7,rep2,869330.0,13.675478078997392
MIT9312,22,0,8,rep2,1645540.0,14.313579155790833
MIT9312,22,0,10,rep2,3382750.0,15.03419954612589
MIT9312,24,0,1,rep2,54759.0,10.910697017730893
MIT9312,24,0,4,rep2,241427.0,12.39432242894702
MIT9312,24,0,5,rep2,348416.0,12.761152447131028
MIT9312,24,0,7,rep2,1299260.0,14.077305429589192
MIT9312,24,0,8,rep2,2086680.0,14.551084844164114
MIT9312,24,0,10,rep2,5184650.0,15.461212894956574
MIT9312,26,0,1,rep2,50181.0,10.823391747980118
MIT9312,26,0,4,rep2,111623.0,11.622882400885027
MIT9312,26,0,5,rep2,166077.0,12.020206815212697
MIT9312,26,0,7,rep2,429990.0,12.971517231585372
MIT9312,26,0,8,rep2,716660.0,13.482356809066887
MIT9312,26,0,10,rep2,1460580.0,14.194344175071521
MIT9312,28,0,1,rep2,40107.0,10.599306161651231
MIT9312,28,0,4,rep2,130774.0,11.781225921488108
MIT9312,28,0,5,rep2,208498.0,12.247684727848847
MIT9312,28,0,7,rep2,588760.0,13.285773909306522
MIT9312,28,0,8,rep2,849550.0,13.652462076513904
MIT9312,28,0,10,rep2,1882910.0,14.44832901042692
MED4,14,61,1,rep2,21200.0,9.961756460660103
MED4,14,61,3,rep2,32581.3066507469,10.391493987267927
MED4,14,61,4,rep2,42154.7242835625,10.649102039796007
MED4,14,61,5,rep2,52600.0,10.870471398725801
MED4,14,61,7,rep2,75600.0,11.233211562167625
MED4,14,61,10,rep2,157000.0,11.964001084330445
MED4,16,61,1,rep2,27000.0,10.203592144986466
MED4,16,61,3,rep2,48398.7691440994,10.787229661474315
MED4,16,61,4,rep2,63799.6854650389,11.063503539305664
MED4,16,61,5,rep2,73900.0,11.210468106936293
MED4,16,61,7,rep2,117000.0,11.669929213779893
MED4,16,61,10,rep2,206000.0,12.235631447771718
MED4,19,61,1,rep2,30037.4968226956,10.310201774266794
MED4,19,61,3,rep2,59876.4998287914,11.00003938373212
MED4,19,61,4,rep2,74129.0192534054,11.213562357472938
MED4,19,61,5,rep2,106000.0,11.571194373094205
MED4,19,61,7,rep2,205000.0,12.230765258120545
MED4,19,61,10,rep2,471000.0,13.062613372998555
MED4,22,61,1,rep2,39369.9658761776,10.580758517190585
MED4,22,61,3,rep2,57897.3697397755,10.96642723489149
MED4,22,61,4,rep2,75165.836374973,11.227452103186524
MED4,22,61,5,rep2,102000.0,11.532728092266408
MED4,22,61,7,rep2,159000.0,11.976659481202368
MED4,24,61,1,rep2,33170.308135089,10.409410421469522
MED4,24,61,3,rep2,71671.5725276813,11.179849469973453
MED4,24,61,4,rep2,106757.295679354,11.57831327235606
MED4,24,61,5,rep2,162000.0,11.99535161421452
MED4,24,61,7,rep2,350000.0,12.765688433465597
MED4,26,61,1,rep2,30153.7148469957,10.314063406737663
MED4,26,61,3,rep2,43051.5543778716,10.670153615542539
MED4,26,61,4,rep2,59128.510241704,10.98746849387046
MED4,26,61,5,rep2,112000.0,11.626254150277232
MED4,26,61,7,rep2,132000.0,11.790557201568507
MED4,28,61,1,rep2,27103.1672247193,10.20740587179968
MED4,28,61,3,rep2,16438.7814744312,9.707398546303034
MED4,28,61,4,rep2,7346.11161564791,8.901926420335503
MED4,28,61,5,rep2,1572.0,7.360103972989152
MED4,14,200,1,rep2,18100.0,9.803667217253917
MED4,14,200,3,rep2,32247.8604373102,10.381206976993981
MED4,14,200,4,rep2,40303.7837328215,10.604200632679362
MED4,14,200,5,rep2,50300.0,10.82576035608783
MED4,14,200,7,rep2,74000.0,11.211820372186306
MED4,14,200,10,rep2,149000.0,11.911701584927597
MED4,16,200,1,rep2,28240.0,10.248494691607178
MED4,16,200,3,rep2,42267.9230936371,10.651783758065491
MED4,16,200,4,rep2,66644.7524713105,11.107131589893784
MED4,16,200,5,rep2,79200.0,11.279731577802517
MED4,16,200,7,rep2,129000.0,11.76756768334381
MED4,16,200,10,rep2,231000.0,12.35017298950393
MED4,19,200,1,rep2,31076.0161569267,10.344191615986727
MED4,19,200,3,rep2,57175.2566174855,10.953876507162247
MED4,19,200,4,rep2,76594.1952120378,11.246276572335494
MED4,19,200,5,rep2,107000.0,11.580584113444043
MED4,19,200,7,rep2,194000.0,12.175613438045465
MED4,19,200,10,rep2,426000.0,12.962194625251508
MED4,22,200,1,rep2,37931.0607006984,10.543525598982116
MED4,22,200,3,rep2,55283.1346985108,10.920223162667968
MED4,22,200,4,rep2,73017.9746367166,11.198460917721642
MED4,22,200,5,rep2,86200.0,11.364425456651784
MED4,22,200,7,rep2,183000.0,12.117241431823558
MED4,22,200,10,rep2,324000.0,12.688498794774466
MED4,24,200,1,rep2,35465.791114399,10.476323880292764
MED4,24,200,3,rep2,59132.5981865377,10.987537628092008
MED4,24,200,4,rep2,74672.0622649038,11.22086130203465
MED4,24,200,5,rep2,93600.0,11.446785662465684
MED4,24,200,7,rep2,164000.0,12.007621706806335
MED4,24,200,10,rep2,365000.0,12.80765263256463
MED4,26,200,1,rep2,32249.4610962089,10.38125661188923
MED4,26,200,3,rep2,37422.8024611461,10.530035489090782
MED4,26,200,4,rep2,52269.1104866981,10.864160853898078
MED4,26,200,5,rep2,66800.0,11.109458359524737
MED4,26,200,7,rep2,104000.0,11.55214617812351
MED4,26,200,10,rep2,246000.0,12.4130868149145
MED4,28,200,1,rep2,26541.6215708591,10.186469405147797
MED4,28,200,3,rep2,17244.8075470346,9.75526636538026
MED4,28,200,4,rep2,8323.60476636788,9.02685070517144
MED4,28,200,5,rep2,2891.0,7.969357742016346
MED4,14,400,1,rep2,17500.0,9.769956159911606
MED4,14,400,3,rep2,11258.6546234014,9.328892411731008
MED4,14,400,4,rep2,12107.5176626486,9.401581833095118
MED4,14,400,5,rep2,11500.0,9.350102314351341
MED4,14,400,7,rep2,8796.0,9.082052351674651
MED4,14,400,10,rep2,2927.0,7.9817332866918855
MED4,16,400,1,rep2,28000.0,10.239959789157341
MED4,16,400,3,rep2,23747.1502676253,10.075217813531998
MED4,16,400,4,rep2,21507.7930342651,9.97617061515057
MED4,16,400,5,rep2,22200.0,10.00784756786037
MED4,16,400,7,rep2,20900.0,9.947504437952903
MED4,16,400,10,rep2,12900.0,9.464982590349763
MED4,19,400,1,rep2,30122.2873095883,10.313020618923913
MED4,19,400,3,rep2,41588.1232408256,10.635569906468136
MED4,19,400,4,rep2,43107.7645862869,10.671458412680352
MED4,19,400,5,rep2,41500.0,10.63344870621879
MED4,19,400,7,rep2,40200.0,10.601622274607113
MED4,19,400,10,rep2,35100.0,10.465956409453957
MED4,22,400,1,rep2,41335.0653447908,10.62946645854414
MED4,22,400,3,rep2,43148.9172105851,10.672412602583401
MED4,22,400,4,rep2,42164.9892566838,10.649345517216437
MED4,22,400,5,rep2,34200.0,10.439980923050696
MED4,22,400,7,rep2,1741.0,7.462214939768189
MED4,22,400,10,rep2,212.0,5.356586274672012
MED4,24,400,1,rep2,29557.5125705426,10.294093223028309
MED4,24,400,3,rep2,44101.1729400966,10.694241658362339
MED4,24,400,4,rep2,57322.2054554771,10.956443357396564
MED4,24,400,5,rep2,71600.0,11.178850352948738
MED4,24,400,7,rep2,95900.0,11.47106126087153
MED4,24,400,10,rep2,112000.0,11.626254150277232
MED4,26,400,1,rep2,33600.4378404665,10.422294376832658
MED4,26,400,3,rep2,29903.4504661258,10.305729152925563
MED4,26,400,4,rep2,38465.5854400049,10.557519235847533
MED4,26,400,5,rep2,37900.0,10.542706391070517
MED4,26,400,7,rep2,53100.0,10.87993220723003
MED4,26,400,10,rep2,23900.0,10.081633737919603
MED4,28,400,1,rep2,25783.3470373734,10.157484098840657
MED4,28,400,3,rep2,9641.53306729838,9.173835406837789
MED4,28,400,4,rep2,2505.6935621967,7.8263208463336325
MED4,28,400,5,rep2,1318.0,7.183870715062453
MED4,14,0,1,rep2,18400.0,9.820105943597078
MED4,14,0,3,rep2,31179.8081295708,10.347525988954951
MED4,14,0,4,rep2,45993.1521722902,10.736247798569838
MED4,14,0,5,rep2,54600.0,10.907789161732996
MED4,14,0,7,rep2,93400.0,11.444646624216935
MED4,14,0,10,rep2,205000.0,12.230765258120545
MED4,16,0,1,rep2,25992.9684518288,10.165581336266571
MED4,16,0,3,rep2,51229.5510292313,10.844071813069574
MED4,16,0,4,rep2,71150.0618248918,11.172546472454961
MED4,16,0,5,rep2,90700.0,11.415312636103227
MED4,16,0,7,rep2,173000.0,12.061046873479915
MED4,16,0,10,rep2,426000.0,12.962194625251508
MED4,19,0,1,rep2,30741.4625926801,10.333367595423313
MED4,19,0,3,rep2,57355.3495955776,10.957021397990621
MED4,19,0,4,rep2,67638.3564071313,11.121930503591495
MED4,19,0,5,rep2,119000.0,11.686878772093667
MED4,19,0,7,rep2,267000.0,12.495003937382387
MED4,19,0,10,rep2,556000.0,13.228523573232719
MED4,22,0,1,rep2,35735.2409396993,10.483892622032338
MED4,22,0,3,rep2,62449.3488055162,11.042111088045655
MED4,22,0,4,rep2,87323.9306464895,11.377379823925729
MED4,22,0,5,rep2,128000.0,11.759785542901755
MED4,22,0,7,rep2,324000.0,12.688498794774466
MED4,22,0,10,rep2,919000.0,13.731041401337825
MED4,24,0,1,rep2,30965.4869344271,10.340628538565074
MED4,24,0,3,rep2,70402.2798894808,11.161980926415518
MED4,24,0,4,rep2,89690.3037819391,11.404117946127599
MED4,24,0,5,rep2,146000.0,11.891361900690473
MED4,24,0,7,rep2,291000.0,12.581078546153629
MED4,24,0,10,rep2,755000.0,13.534473028231162
MED4,26,0,1,rep2,35446.7678100659,10.47578735178278
MED4,26,0,3,rep2,44857.3882065017,10.711243585391813
MED4,26,0,4,rep2,67280.9972985849,11.116633117643165
MED4,26,0,5,rep2,105000.0,11.56171562913966
MED4,26,0,7,rep2,221000.0,12.30591798049989
MED4,26,0,10,rep2,550000.0,13.217673557208654
MED4,28,0,1,rep2,27653.8735330762,10.227521088750727
MED4,28,0,3,rep2,19795.7023198919,9.893220138571964
MED4,28,0,4,rep2,15124.3147511796,9.624058976165573
MED4,28,0,5,rep2,12400.0,9.425451751593128
MIT9312,14,90,1,rep3,5508.0,8.613956859848546
MIT9312,16,90,1,rep3,4825.0,8.481566013773087
MIT9312,16,90,4,rep3,808.0,6.694562058521095
MIT9312,16,90,5,rep3,467.0,6.1463292576688975
MIT9312,16,90,7,rep3,382.0,5.945420608606575
MIT9312,16-19,90,1,rep3,4778.0,8.471777327885755
MIT9312,16-19,90,4,rep3,1020.0,6.927557906278317
MIT9312,16-19,90,5,rep3,977.0,6.884486652042782
MIT9312,16-19,90,7,rep3,509.0,6.2324480165505225
MIT9312,16-19,90,8,rep3,340.0,5.8289456176102075
MIT9312,16-19,90,10,rep3,340.0,5.8289456176102075
MIT9312,19,90,1,rep3,34860.0,10.459095319074011
MIT9312,19,90,4,rep3,93708.0,11.447938843450675
MIT9312,19,90,5,rep3,119524.0,11.691272467008773
MIT9312,19,90,7,rep3,230430.0,12.347702407660837
MIT9312,19,90,8,rep3,341590.0,12.741366466463376
MIT9312,19,90,10,rep3,670180.0,13.415301612001814
MIT9312,22,90,1,rep3,58835.0,10.982492194898029
MIT9312,22,90,4,rep3,148923.0,11.911184672828064
MIT9312,22,90,5,rep3,232501.0,12.356649805075568
MIT9312,22,90,7,rep3,631460.0,13.355789877515551
MIT9312,22,90,8,rep3,976740.0,13.791975774830611
MIT9312,22,90,10,rep3,1959700.0,14.488301958267146
MIT9312,24,90,1,rep3,53586.0,10.88904311891194
MIT9312,24,90,4,rep3,244179.0,12.405656841874956
MIT9312,24,90,5,rep3,358404.0,12.789416120734918
MIT9312,24,90,7,rep3,1069380.0,13.882589599245952
MIT9312,24,90,8,rep3,1756190.0,14.378657247779532
MIT9312,24,90,10,rep3,4680730.0,15.358964638635744
MIT9312,26,90,1,rep3,52566.0,10.869824801894419
MIT9312,26,90,4,rep3,147295.0,11.900192657543304
MIT9312,26,90,5,rep3,190839.0,12.159185419624698
MIT9312,26,90,7,rep3,379270.0,12.846003631482795
MIT9312,26,90,8,rep3,480490.0,13.082561695521392
MIT9312,26,90,10,rep3,985370.0,13.80077248413901
MIT9312,28,90,1,rep3,36240.0,10.497918760156915
MIT9312,28,90,4,rep3,99725.0,11.510171676773608
MIT9312,28,90,5,rep3,124081.0,11.728689857134514
MIT9312,28,90,7,rep3,229940.0,12.34557368430773
MIT9312,28,90,8,rep3,359700.0,12.793025629683715
MIT9312,28,90,10,rep3,543240.0,13.205306490218005
MIT9312,14,200,1,rep3,2771.0,7.9269635448629785
MIT9312,16,200,1,rep3,5369.0,8.58839695042257
MIT9312,16,200,4,rep3,467.0,6.1463292576688975
MIT9312,16,200,5,rep3,1489.0,7.305860032684009
MIT9312,16,200,7,rep3,935.0,6.840546529288687
MIT9312,16-19,200,1,rep3,3196.0,8.069655306886165
MIT9312,16-19,200,4,rep3,1233.0,7.117205503164344
MIT9312,16-19,200,5,rep3,680.0,6.522092798170152
MIT9312,16-19,200,7,rep3,1360.0,7.215239978730097
MIT9312,16-19,200,8,rep3,1232.0,7.116394144093465
MIT9312,16-19,200,10,rep3,255.0,5.541263545158426
MIT9312,19,200,1,rep3,35067.0,10.46501579627588
MIT9312,19,200,4,rep3,75240.0,11.228438283414967
MIT9312,19,200,5,rep3,91890.0,11.42834748849493
MIT9312,19,200,7,rep3,149750.0,11.916722515977696
MIT9312,19,200,8,rep3,199680.0,12.2044713641632
MIT9312,19,200,10,rep3,329910.0,12.70657516897309
MIT9312,22,200,1,rep3,44218.0,10.696887224985165
MIT9312,22,200,4,rep3,122283.0,11.714093309560543
MIT9312,22,200,5,rep3,203727.0,12.224536141295712
MIT9312,22,200,7,rep3,538740.0,13.196988358742908
MIT9312,22,200,8,rep3,842960.0,13.64467478627341
MIT9312,22,200,10,rep3,1763680.0,14.382913093197143
MIT9312,24,200,1,rep3,49074.0,10.80108464196303
MIT9312,24,200,4,rep3,150357.0,11.920767745364143
MIT9312,24,200,5,rep3,194983.0,12.180667654258352
MIT9312,24,200,7,rep3,495390.0,13.113100610125144
MIT9312,24,200,8,rep3,658330.0,13.397461604345292
MIT9312,24,200,10,rep3,1728100.0,14.362533097042084
MIT9312,26,200,1,rep3,46617.0,10.749720560454843
MIT9312,26,200,4,rep3,100075.0,11.513675183860775
MIT9312,26,200,5,rep3,135997.0,11.820388105651361
MIT9312,26,200,7,rep3,204540.0,12.228518834360004
MIT9312,26,200,8,rep3,248060.0,12.42142593136932
MIT9312,26,200,10,rep3,578080.0,13.267467546381468
MIT9312,28,200,1,rep3,35913.0,10.48885462591948
MIT9312,28,200,4,rep3,89678.0,11.403980755980855
MIT9312,28,200,5,rep3,102686.0,11.539431067247493
MIT9312,28,200,7,rep3,175150.0,12.073398028625633
MIT9312,28,200,8,rep3,176740.0,12.082435005071995
MIT9312,28,200,10,rep3,175500.0,12.075394321888057
MIT9312,14,400,1,rep3,2903.0,7.97349996402463
MIT9312,16,400,1,rep3,5285.0,8.572627898304338
MIT9312,16,400,4,rep3,467.0,6.1463292576688975
MIT9312,16,400,5,rep3,892.0,6.79346613258001
MIT9312,16,400,7,rep3,4634.0,8.441175704992322
MIT9312,16-19,400,1,rep3,4047.0,8.305731144875866
MIT9312,16-19,400,4,rep3,1361.0,7.215975002651466
MIT9312,16-19,400,5,rep3,637.0,6.456769655572163
MIT9312,16-19,400,7,rep3,595.0,6.38856140554563
MIT9312,16-19,400,8,rep3,255.0,5.541263545158426
MIT9312,16-19,400,10,rep3,808.0,6.694562058521095
MIT9312,19,400,1,rep3,35670.0,10.482065278352938
MIT9312,19,400,4,rep3,56228.0,10.937170132451657
MIT9312,19,400,5,rep3,48768.0,10.794829639046318
MIT9312,19,400,7,rep3,47180.0,10.761725352961665
MIT9312,19,400,8,rep3,48870.0,10.796918990264201
MIT9312,19,400,10,rep3,36140.0,10.49515556414622
MIT9312,22,400,1,rep3,54435.0,10.90476260831528
MIT9312,22,400,4,rep3,131910.0,11.789875150842965
MIT9312,22,400,5,rep3,169448.0,12.040301374073834
MIT9312,22,400,7,rep3,426050.0,12.962311989256103
MIT9312,22,400,8,rep3,591070.0,13.289689732690793
MIT9312,22,400,10,rep3,1250760.0,14.039261924521368
MIT9312,24,400,1,rep3,55942.0,10.932070718708905
MIT9312,24,400,4,rep3,159070.0,11.977099635892406
MIT9312,24,400,5,rep3,201692.0,12.21449706029007
MIT9312,24,400,7,rep3,458580.0,13.035890037464984
MIT9312,24,400,8,rep3,679800.0,13.429553916244153
MIT9312,24,400,10,rep3,1760750.0,14.381250412607656
MIT9312,26,400,1,rep3,47627.0,10.771155106297904
MIT9312,26,400,4,rep3,56358.0,10.93947947922257
MIT9312,26,400,5,rep3,52712.0,10.872598412593655
MIT9312,26,400,7,rep3,27210.0,10.211339831777291
MIT9312,26,400,8,rep3,17420.0,9.765374250406493
MIT9312,26,400,10,rep3,7650.0,8.942460926820582
MIT9312,28,400,1,rep3,41182.0,10.625756546668091
MIT9312,28,400,4,rep3,71722.0,11.180552813554462
MIT9312,28,400,5,rep3,74068.0,11.212738869157706
MIT9312,28,400,7,rep3,69280.0,11.145911543236316
MIT9312,28,400,8,rep3,59050.0,10.986139821625509
MIT9312,28,400,10,rep3,55260.0,10.919804598477407
MIT9312,14,0,1,rep3,3198.0,8.0702808933939
MIT9312,16,0,1,rep3,4519.0,8.41604600941128
MIT9312,16,0,4,rep3,892.0,6.79346613258001
MIT9312,16,0,5,rep3,340.0,5.8289456176102075
MIT9312,16,0,7,rep3,3230.0,8.080237416216702
MIT9312,16-19,0,1,rep3,3536.0,8.170751423757535
MIT9312,16-19,0,4,rep3,552.0,6.313548046277095
MIT9312,16-19,0,5,rep3,552.0,6.313548046277095
MIT9312,16-19,0,7,rep3,893.0,6.794586580876499
MIT9312,16-19,0,8,rep3,467.0,6.1463292576688975
MIT9312,16-19,0,10,rep3,340.0,5.8289456176102075
MIT9312,19,0,1,rep3,37748.0,10.538687773141223
MIT9312,19,0,4,rep3,102262.0,11.535293426432174
MIT9312,19,0,5,rep3,141694.0,11.86142508180416
MIT9312,19,0,7,rep3,341370.0,12.740722212019165
MIT9312,19,0,8,rep3,497040.0,13.116425784737576
MIT9312,19,0,10,rep3,970420.0,13.785484246457301
MIT9312,22,0,1,rep3,46601.0,10.74937727911096
MIT9312,22,0,4,rep3,163912.0,12.007084977427034
MIT9312,22,0,5,rep3,249257.0,12.426239771682488
MIT9312,22,0,7,rep3,869460.0,13.675627608268025
MIT9312,22,0,8,rep3,1419410.0,14.165751850278582
MIT9312,22,0,10,rep3,2814960.0,14.850458609863496
MIT9312,24,0,1,rep3,53415.0,10.885846884379987
MIT9312,24,0,4,rep3,204281.0,12.227251775991423
MIT9312,24,0,5,rep3,286548.0,12.565661340370811
MIT9312,24,0,7,rep3,941160.0,13.754868435994712
MIT9312,24,0,8,rep3,1446360.0,14.18456061337039
MIT9312,24,0,10,rep3,4271980.0,15.267587977963268
MIT9312,26,0,1,rep3,47916.0,10.777204756851221
MIT9312,26,0,4,rep3,117769.0,11.676480357672771
MIT9312,26,0,5,rep3,172454.0,12.057885813225006
MIT9312,26,0,7,rep3,492120.0,13.106477868174105
MIT9312,26,0,8,rep3,687050.0,13.44016234875992
MIT9312,26,0,10,rep3,1255290.0,14.042877179551356
MIT9312,28,0,1,rep3,40592.0,10.611326281839062
MIT9312,28,0,4,rep3,138295.0,11.837144363709355
MIT9312,28,0,5,rep3,173887.0,12.066160941941364
MIT9312,28,0,7,rep3,527470.0,13.175847270677169
MIT9312,28,0,8,rep3,699260.0,13.457777911998772
MIT9312,28,0,10,rep3,1357840.0,14.121405759835413
MED4,14,61,1,rep3,19900.0,9.898475010712584
MED4,14,61,3,rep3,34535.0585003926,10.449730275466697
MED4,14,61,4,rep3,44487.1105473264,10.70295477557561
MED4,14,61,5,rep3,50900.0,10.837618202538614
MED4,14,61,7,rep3,89600.0,11.403110598963021
MED4,14,61,10,rep3,171000.0,12.049418835484797
MED4,16,61,1,rep3,28900.0,10.271596874100524
MED4,16,61,3,rep3,49140.1851046847,10.802432412952175
MED4,16,61,4,rep3,64321.6925180513,11.071652217531069
MED4,16,61,5,rep3,78500.0,11.2708539037705
MED4,16,61,7,rep3,135000.0,11.813030057420567
MED4,16,61,10,rep3,255000.0,12.449018824140563
MED4,19,61,1,rep3,31817.8030863031,10.367781257594482
MED4,19,61,3,rep3,59315.9868643149,10.99063414164229
MED4,19,61,4,rep3,82393.0991303003,11.319256963971783
MED4,19,61,5,rep3,134000.0,11.805595078933049
MED4,19,61,7,rep3,208000.0,12.245293358683455
MED4,19,61,10,rep3,483000.0,13.087771932634709
MED4,22,61,1,rep3,37363.2824951387,10.528443749702124
MED4,22,61,3,rep3,54262.9650915772,10.90159723071283
MED4,22,61,4,rep3,67601.2089082476,11.121381145129252
MED4,22,61,5,rep3,101000.0,11.522875795823397
MED4,22,61,7,rep3,106000.0,11.571194373094205
MED4,24,61,1,rep3,35042.2102536438,10.464308621075942
MED4,24,61,3,rep3,75831.8531252983,11.236273709287694
MED4,24,61,4,rep3,101812.585375034,11.530889003895641
MED4,24,61,5,rep3,169000.0,12.037653993905211
MED4,24,61,7,rep3,325000.0,12.691580461311874
MED4,26,61,1,rep3,24167.7854921387,10.092775847329449
MED4,26,61,3,rep3,33256.9346931237,10.412018586537137
MED4,26,61,4,rep3,48400.9919293581,10.787275586902942
MED4,26,61,5,rep3,79170.0,11.27935271816548
MED4,26,61,7,rep3,108000.0,11.589886506106357
MED4,28,61,1,rep3,24804.1143909692,10.118764821254377
MED4,28,61,3,rep3,16478.9585868991,9.7098396089242
MED4,28,61,4,rep3,11088.2151505268,9.313638125148971
MED4,28,61,5,rep3,5443.0,8.6020856584342
MED4,14,200,1,rep3,18700.0,9.836278802842678
MED4,14,200,3,rep3,29953.9742527279,10.307417290991575
MED4,14,200,4,rep3,34831.7885215655,10.458285712072271
MED4,14,200,5,rep3,47900.0,10.776870783399007
MED4,14,200,7,rep3,74600.0,11.219895786191852
MED4,14,200,10,rep3,138000.0,11.835008964139341
MED4,16,200,1,rep3,27600.0,10.225571051705241
MED4,16,200,3,rep3,36777.1894622663,10.512633080400766
MED4,16,200,4,rep3,71207.7087858509,11.17335636100355
MED4,16,200,5,rep3,80300.0,11.293524899934853
MED4,16,200,7,rep3,110000.0,11.608235644774552
MED4,16,200,10,rep3,216000.0,12.283033686666302
MED4,19,200,1,rep3,30127.3999358248,10.313190333539291
MED4,19,200,3,rep3,55622.371790891,10.926340769649203
MED4,19,200,4,rep3,76279.2544387436,11.242156285659558
MED4,19,200,5,rep3,96900.0,11.481434797878858
MED4,19,200,7,rep3,176000.0,12.078239274020289
MED4,19,200,10,rep3,372000.0,12.826649133255284
MED4,22,200,1,rep3,37084.7100288538,10.52096003504487
MED4,22,200,3,rep3,54140.02393626,10.899329005286036
MED4,22,200,4,rep3,71337.6154741289,11.175179033545303
MED4,22,200,5,rep3,82700.0,11.322974881011783
MED4,22,200,7,rep3,137000.0,11.827736204810263
MED4,22,200,10,rep3,150000.0,11.918390573078392
MED4,24,200,1,rep3,27865.7869856835,10.235154942407023
MED4,24,200,3,rep3,57289.160623232,10.955866715929119
MED4,24,200,4,rep3,67488.6814586476,11.119715180706297
MED4,24,200,5,rep3,94700.0,11.45846927917417
MED4,24,200,7,rep3,175000.0,12.072541252905651
MED4,24,200,10,rep3,307000.0,12.634603026569334
MED4,26,200,1,rep3,32534.2045024918,10.390047261115084
MED4,26,200,3,rep3,41883.9415604493,10.642657776134898
MED4,26,200,4,rep3,56740.4629069025,10.946242866716988
MED4,26,200,5,rep3,69300.0,11.146200185177994
MED4,26,200,7,rep3,113000.0,11.635143097694478
MED4,26,200,10,rep3,254000.0,12.445089546000673
MED4,28,200,1,rep3,25951.4587351058,10.163983100313
MED4,28,200,3,rep3,18174.081381184,9.807751758135879
MED4,28,200,4,rep3,10193.3797107759,9.229493740586403
MED4,28,200,5,rep3,4974.0,8.51197962436335
MED4,14,400,1,rep3,21900.0,9.994241915804592
MED4,14,400,3,rep3,5690.59638036113,8.64657033364224
MED4,14,400,4,rep3,6076.85832781781,8.7122431190148
MED4,14,400,5,rep3,4252.0,8.355144739461839
MED4,14,400,7,rep3,5398.0,8.59378379357795
MED4,14,400,10,rep3,2293.0,7.737616282857904
MED4,16,400,1,rep3,29700.0,10.298902324790792
MED4,16,400,3,rep3,9088.91470348303,9.114810785487105
MED4,16,400,4,rep3,9647.13688659116,9.174416454620122
MED4,16,400,5,rep3,10400.0,9.249561085129464
MED4,16,400,7,rep3,12200.0,9.409191230721348
MED4,16,400,10,rep3,6625.0,8.798605650854423
MED4,19,400,1,rep3,31003.3716294058,10.341851239791996
MED4,19,400,3,rep3,39121.7512608556,10.574433889528558
MED4,19,400,4,rep3,43216.4745965183,10.673977057935218
MED4,19,400,5,rep3,37500.0,10.532096211958502
MED4,19,400,7,rep3,43500.0,10.680516217076775
MED4,19,400,10,rep3,48700.0,10.793434309070681
MED4,22,400,1,rep3,38762.9587585555,10.565220398451356
MED4,22,400,3,rep3,36354.0828380695,10.501061796821201
MED4,22,400,4,rep3,34311.4110726818,10.443233262161614
MED4,22,400,5,rep3,25300.0,10.138559674715612
MED4,22,400,7,rep3,26200.0,10.173514689749188
MED4,22,400,10,rep3,127.0,4.844187086458591
MED4,24,400,1,rep3,39070.245868675,10.573116481059134
MED4,24,400,3,rep3,37673.0985971969,10.536701553666289
MED4,24,400,4,rep3,45011.5560838412,10.71467453764764
MED4,24,400,5,rep3,55000.0,10.915088464214607
MED4,24,400,7,rep3,83300.0,11.330203828154934
MED4,24,400,10,rep3,104000.0,11.55214617812351
MED4,26,400,1,rep3,29771.5443383851,10.301308328323886
MED4,26,400,3,rep3,33934.9667409295,10.432201229055737
MED4,26,400,4,rep3,38290.1850615641,10.552948877616206
MED4,26,400,5,rep3,50100.0,10.821776287072955
MED4,26,400,7,rep3,91300.0,11.421906066583059
MED4,26,400,10,rep3,162000.0,11.99535161421452
MED4,28,400,1,rep3,26039.3034697865,10.167362347492658
MED4,28,400,3,rep3,11078.6182171781,9.312772242883415
MED4,28,400,4,rep3,3992.14295303316,8.292083446668242
MED4,28,400,5,rep3,680.0,6.522092798170152
MED4,14,0,1,rep3,20500.0,9.9281801651265
MED4,14,0,3,rep3,30547.082009322,10.327024444794727
MED4,14,0,4,rep3,49388.4474287816,10.807471818110063
MED4,14,0,5,rep3,56200.0,10.936672035881783
MED4,14,0,7,rep3,98500.0,11.49781182716018
MED4,14,0,10,rep3,217000.0,12.287652632522597
MED4,16,0,1,rep3,27274.4602553188,10.21370602151624
MED4,16,0,3,rep3,51208.5673740578,10.843662128553808
MED4,16,0,4,rep3,65500.6520871914,11.089815377103427
MED4,16,0,5,rep3,85500.0,11.356271654924852
MED4,16,0,7,rep3,134000.0,11.805595078933049
MED4,16,0,10,rep3,308000.0,12.637855061955712
MED4,19,0,1,rep3,29602.2053940315,10.295604144091795
MED4,19,0,3,rep3,56022.7487625292,10.933513115131378
MED4,19,0,4,rep3,75814.1545637855,11.236040289867521
MED4,19,0,5,rep3,128000.0,11.759785542901755
MED4,19,0,7,rep3,242000.0,12.396693005138824
MED4,19,0,10,rep3,580000.0,13.270783382522602
MED4,22,0,1,rep3,43595.8629015595,10.682717537256105
MED4,22,0,3,rep3,63939.7058528492,11.06569582224118
MED4,22,0,4,rep3,88961.9748118238,11.395964308111937
MED4,22,0,5,rep3,152000.0,11.931635799828413
MED4,22,0,7,rep3,282000.0,12.54966234992025
MED4,22,0,10,rep3,807000.0,13.601078947252086
MED4,24,0,1,rep3,31609.7347939427,10.361220415232763
MED4,24,0,3,rep3,53676.0129397889,10.890721494292972
MED4,24,0,4,rep3,81777.8579870499,11.311761801194217
MED4,24,0,5,rep3,121000.0,11.703545824578878
MED4,24,0,7,rep3,216000.0,12.283033686666302
MED4,24,0,10,rep3,508000.0,13.138236726560619
MED4,26,0,1,rep3,32757.3220952917,10.39688179150289
MED4,26,0,3,rep3,45467.6444957897,10.724756241997765
MED4,26,0,4,rep3,67610.1792633612,11.121513831513855
MED4,26,0,5,rep3,76480.0,11.244784547725283
MED4,26,0,7,rep3,177000.0,12.083905011555967
MED4,26,0,10,rep3,404000.0,12.909170156943286
MED4,28,0,1,rep3,27017.5474637774,10.204241839954806
MED4,28,0,3,rep3,19373.1111057354,9.871641358152077
MED4,28,0,4,rep3,14783.7087964176,9.60128109647546
MED4,28,0,5,rep3,7351.0,8.902591637374087
